{"cameraMode":{"drawMode":0,"name":"Shaded","section":"Shading Mode"},"sceneLighting":false,"audioPlay":false,"sceneViewState":{"m_AlwaysRefresh":true,"showFog":true,"showSkybox":false,"showFlares":true,"showImageEffects":true,"showParticleSystems":true,"showVisualEffectGraphs":true,"m_FxEnabled":true},"in2DMode":false,"pivot":{"x":-0.08447611331939697,"y":0.022953808307647706,"z":-0.13603663444519044},"rotation":{"x":0.015595349483191967,"y":-0.9840815663337708,"z":0.1813865602016449,"w":0.041931115090847018},"size":0.8336156010627747,"orthographic":false}