{"cameraMode":{"drawMode":0,"name":"Shaded","section":"Shading Mode"},"sceneLighting":false,"audioPlay":false,"sceneViewState":{"m_AlwaysRefresh":true,"showFog":true,"showSkybox":true,"showFlares":true,"showImageEffects":true,"showParticleSystems":true,"showVisualEffectGraphs":true,"m_FxEnabled":true},"in2DMode":false,"pivot":{"x":0.028051666915416719,"y":-0.11915387958288193,"z":0.1796712875366211},"rotation":{"x":-0.030833614990115167,"y":0.964062511920929,"z":-0.2301158308982849,"w":-0.12917688488960267},"size":0.2971526086330414,"orthographic":false}