{"cameraMode":{"drawMode":0,"name":"Shaded","section":"Shading Mode"},"sceneLighting":true,"audioPlay":false,"sceneViewState":{"m_AlwaysRefresh":true,"showFog":true,"showSkybox":true,"showFlares":true,"showImageEffects":true,"showParticleSystems":true,"showVisualEffectGraphs":true,"m_FxEnabled":true},"in2DMode":false,"pivot":{"x":-0.8042047023773193,"y":-0.07694780826568604,"z":0.37460535764694216},"rotation":{"x":0.06363476067781449,"y":0.8325964212417603,"z":-0.09786470979452133,"w":0.5414679646492004},"size":1.1832301616668702,"orthographic":false}