{"cameraMode":{"drawMode":0,"name":"Shaded","section":"Shading Mode"},"sceneLighting":false,"audioPlay":false,"sceneViewState":{"m_AlwaysRefresh":true,"showFog":true,"showSkybox":true,"showFlares":true,"showImageEffects":true,"showParticleSystems":true,"showVisualEffectGraphs":true,"m_FxEnabled":true},"in2DMode":false,"pivot":{"x":0.34044206142425539,"y":7.135165214538574,"z":-1.462360143661499},"rotation":{"x":0.03327289596199989,"y":0.9467730522155762,"z":-0.31933510303497317,"w":0.07077778875827789},"size":0.7763474583625794,"orthographic":false}