{"cameraMode":{"drawMode":0,"name":"Shaded","section":"Shading Mode"},"sceneLighting":false,"audioPlay":false,"sceneViewState":{"m_AlwaysRefresh":true,"showFog":true,"showSkybox":true,"showFlares":true,"showImageEffects":true,"showParticleSystems":true,"showVisualEffectGraphs":true,"m_FxEnabled":true},"in2DMode":false,"pivot":{"x":-0.07073812931776047,"y":-0.33419591188430788,"z":-0.3132550120353699},"rotation":{"x":-0.06125394627451897,"y":0.9295659065246582,"z":-0.31560784578323367,"w":-0.18041236698627473},"size":0.4644429683685303,"orthographic":false}