{"cameraMode":{"drawMode":0,"name":"Shaded","section":"Shading Mode"},"sceneLighting":false,"audioPlay":false,"sceneViewState":{"m_AlwaysRefresh":true,"showFog":true,"showSkybox":true,"showFlares":true,"showImageEffects":true,"showParticleSystems":true,"showVisualEffectGraphs":true,"m_FxEnabled":true},"in2DMode":false,"pivot":{"x":-0.6176364421844482,"y":-2.7432241439819338,"z":5.164968967437744},"rotation":{"x":-0.37491148710250857,"y":0.17554353177547456,"z":-0.07253087311983109,"w":-0.9073996543884277},"size":6.4058122634887699,"orthographic":false}