{"cameraMode":{"drawMode":0,"name":"Shaded","section":"Shading Mode"},"sceneLighting":false,"audioPlay":false,"sceneViewState":{"m_AlwaysRefresh":true,"showFog":true,"showSkybox":false,"showFlares":true,"showImageEffects":true,"showParticleSystems":true,"showVisualEffectGraphs":true,"m_FxEnabled":true},"in2DMode":false,"pivot":{"x":-0.008309513330459595,"y":0.21237248182296754,"z":0.04647865891456604},"rotation":{"x":0.05627124384045601,"y":-0.876421332359314,"z":0.15238109230995179,"w":0.45944273471832278},"size":0.856320858001709,"orthographic":false}