{"cameraMode":{"drawMode":0,"name":"Shaded","section":"Shading Mode"},"sceneLighting":false,"audioPlay":false,"sceneViewState":{"m_AlwaysRefresh":true,"showFog":true,"showSkybox":false,"showFlares":true,"showImageEffects":true,"showParticleSystems":true,"showVisualEffectGraphs":true,"m_FxEnabled":true},"in2DMode":false,"pivot":{"x":-7.182782173156738,"y":-0.47092628479003909,"z":-0.5491676330566406},"rotation":{"x":-0.019005456939339639,"y":0.9123454689979553,"z":-0.40648624300956728,"w":-0.05642068758606911},"size":6.10701847076416,"orthographic":false}