{"cameraMode":{"drawMode":0,"name":"Shaded","section":"Shading Mode"},"sceneLighting":false,"audioPlay":false,"sceneViewState":{"m_AlwaysRefresh":true,"showFog":true,"showSkybox":false,"showFlares":true,"showImageEffects":true,"showParticleSystems":true,"showVisualEffectGraphs":true,"m_FxEnabled":true},"in2DMode":false,"pivot":{"x":9.395121574401856,"y":0.029264863580465318,"z":-0.025070488452911378},"rotation":{"x":-0.3207011818885803,"y":0.6331188082695007,"z":-0.33670833706855776,"w":-0.619749128818512},"size":2.234189748764038,"orthographic":false}